/* CITY_LOOKUP Inserts */ 
INSERT INTO CITY_LOOKUP VALUES ('N14 4AU', 'NORTH LONDON');
INSERT INTO CITY_LOOKUP VALUES ('NW8 9ZL', 'NORTH WEST LONDON');
INSERT INTO CITY_LOOKUP VALUES ('SW17 6AF', 'SOUTH WEST LONDON');
INSERT INTO CITY_LOOKUP VALUES ('W10 4AD', 'WEST LONDON');
INSERT INTO CITY_LOOKUP VALUES ('EN5 7QZ', 'ENFIELD');
INSERT INTO CITY_LOOKUP VALUES ('L40 0AA', 'LIVERPOOL');
INSERT INTO CITY_LOOKUP VALUES ('M1 2ER', 'MANCHESTER');
INSERT INTO CITY_LOOKUP VALUES ('B1 1DA', 'BIRMINGHAM');

/* EMPLOYEE Inserts */ 
INSERT INTO EMPLOYEE VALUES ('EP123456A','B1 1DA','5 ALLINGTON ROAD','AADI','BACCI','07000000000',NULL,'M',TO_DATE('23-JAN-2002','DD-MON-YYYY'),'EMAIL1@EMAIL.COM',TO_DATE('06-NOV-2020','DD-MON-YYYY'));
INSERT INTO EMPLOYEE VALUES ('EP123456B','B1 1DA','44 ALLINGTON ROAD','AALAM','BABEL','07000000001','07000000002','M',TO_DATE('12-JAN-1998','DD-MON-YYYY'),'EMAIL2@EMAIL.COM',TO_DATE('18-MAY-2020','DD-MON-YYYY'));
INSERT INTO EMPLOYEE VALUES ('EP123456C','B1 1DA','39 ALLINGTON ROAD','ABBA','BACCARI','07000000003',NULL,'M',TO_DATE('23-JAN-2002','DD-MON-YYYY'),'EMAIL3@EMAIL.COM',TO_DATE('06-NOV-2020','DD-MON-YYYY'));
INSERT INTO EMPLOYEE VALUES ('EP123456D','B1 1DA','60 ALLINGTON ROAD','ABDULLAH','BACCHUS','07000000004',NULL,'M',TO_DATE('12-FEB-2001','DD-MON-YYYY'),'EMAIL4@EMAIL.COM',TO_DATE('05-FEB-2020','DD-MON-YYYY'));
INSERT INTO EMPLOYEE VALUES ('EP123456E','B1 1DA','90 ALLINGTON ROAD','AARON','BACHMAN','07000000005',NULL,'M',TO_DATE('12-JAN-1971','DD-MON-YYYY'),'EMAIL5@EMAIL.COM',TO_DATE('01-JUN-2020','DD-MON-YYYY'));
INSERT INTO EMPLOYEE VALUES ('EP123456F','N14 4AU','63 KEYSE ROAD','BAKI','CADIZ','07000000006','07000000007','M',TO_DATE('16-OCT-1978','DD-MON-YYYY'),'EMAIL6@EMAIL.COM',TO_DATE('05-MAR-2020','DD-MON-YYYY'));
INSERT INTO EMPLOYEE VALUES ('EP123456G','N14 4AU','23 KEYSE ROAD','BALDWIN','CADLE','07000000008',NULL,'M',TO_DATE('11-FEB-1986','DD-MON-YYYY'),'EMAIL7@EMAIL.COM',TO_DATE('04-AUG-2020','DD-MON-YYYY'));
INSERT INTO EMPLOYEE VALUES ('EP123456H','N14 4AU','17 KEYSE ROAD','BABETTE','CADOTTE','07000000009',NULL,'F',TO_DATE('04-OCT-1993','DD-MON-YYYY'),'EMAIL8@EMAIL.COM',TO_DATE('04-AUG-2020','DD-MON-YYYY'));
INSERT INTO EMPLOYEE VALUES ('EP123456I','N14 4AU','72 KEYSE ROAD','BAHULA','CADORETTE','07000000010',NULL,'F',TO_DATE('25-SEP-2002','DD-MON-YYYY'),'EMAIL9@EMAIL.COM',TO_DATE('06-NOV-2020','DD-MON-YYYY'));
INSERT INTO EMPLOYEE VALUES ('EP123456J','N14 4AU','88 KEYSE ROAD','BARBRA','CADOGEN','07000000011','07000000012','F',TO_DATE('21-MAR-1990','DD-MON-YYYY'),'EMAIL10@EMAIL.COM',TO_DATE('04-JUN-2020','DD-MON-YYYY'));
INSERT INTO EMPLOYEE VALUES ('EP123456K','NW8 9ZL','57 DUNSTAN ROAD','CADEN','DERWIN','07000000013',NULL,'M',TO_DATE('21-NOV-1972','DD-MON-YYYY'),'EMAIL11@EMAIL.COM',TO_DATE('16-JUN-2020','DD-MON-YYYY'));
INSERT INTO EMPLOYEE VALUES ('EP123456L','NW8 9ZL','75 DUNSTAN ROAD','CALISSA','DESMOND','07000000014',NULL,'F',TO_DATE('29-OCT-1981','DD-MON-YYYY'),'EMAIL12@EMAIL.COM',TO_DATE('16-MAR-2020','DD-MON-YYYY'));
INSERT INTO EMPLOYEE VALUES ('EP123456M','NW8 9ZL','12 DUNSTAN ROAD','CAITLYN','DEXTER','07000000015','07000000018','F',TO_DATE('20-AUG-2000','DD-MON-YYYY'),'EMAIL13@EMAIL.COM',TO_DATE('01-SEP-2020','DD-MON-YYYY'));
INSERT INTO EMPLOYEE VALUES ('EP123456N','NW8 9ZL','93 DUNSTAN ROAD','CAI','DILLON','07000000016',NULL,'M',TO_DATE('02-JAN-1975','DD-MON-YYYY'),'EMAIL14@EMAIL.COM',TO_DATE('27-OCT-2020','DD-MON-YYYY'));
INSERT INTO EMPLOYEE VALUES ('EP123456O','NW8 9ZL','73 DUNSTAN ROAD','CAILYN','DIXIE','07000000017','07000000019','F',TO_DATE('17-DEC-1973','DD-MON-YYYY'),'EMAIL15@EMAIL.COM',TO_DATE('06-MAY-2020','DD-MON-YYYY'));
INSERT INTO EMPLOYEE VALUES ('EP123456P','M1 2ER','17 ADELAIDE GROVE','DAGNA','EARWOOD','07000000018',NULL,'F',TO_DATE('19-DEC-1972','DD-MON-YYYY'),'EMAIL16@EMAIL.COM',TO_DATE('30-OCT-2020','DD-MON-YYYY'));
INSERT INTO EMPLOYEE VALUES ('EP123456Q','M1 2ER','12 ADELAIDE GROVE','DAHLIA','EASTIN','07000000019',NULL,'F',TO_DATE('16-JAN-1989','DD-MON-YYYY'),'EMAIL17@EMAIL.COM',TO_DATE('18-FEB-2020','DD-MON-YYYY'));
INSERT INTO EMPLOYEE VALUES ('EP123456R','M1 2ER','14 ADELAIDE GROVE','DALILA','EAKES','07000000020','07000000021','F',TO_DATE('11-SEP-2002','DD-MON-YYYY'),'EMAIL18@EMAIL.COM',TO_DATE('07-NOV-2020','DD-MON-YYYY'));
INSERT INTO EMPLOYEE VALUES ('EP123456S','M1 2ER','14 ADELAIDE GROVE','DALLAS','EAKES','07000000021','07000000020','M',TO_DATE('09-JUN-2002','DD-MON-YYYY'),'EMAIL19@EMAIL.COM',TO_DATE('07-NOV-2020','DD-MON-YYYY'));
INSERT INTO EMPLOYEE VALUES ('EP123456T','M1 2ER','19 ADELAIDE GROVE','DALIYA','EASTON','07000000022','07000000019','F',TO_DATE('2-JAN-1977','DD-MON-YYYY'),'EMAIL20@EMAIL.COM',TO_DATE('07-NOV-2020','DD-MON-YYYY'));
INSERT INTO EMPLOYEE VALUES ('EP123456U','SW17 6AF','32 ABBEY MEWS','ED','FAHL','07000000023','07000000028','M',TO_DATE('28-NOV-1985','DD-MON-YYYY'),'EMAIL21@EMAIL.COM',TO_DATE('21-FEB-2020','DD-MON-YYYY'));
INSERT INTO EMPLOYEE VALUES ('EP123456V','SW17 6AF','48 ABBEY MEWS','EDD','FADEL','07000000024',NULL,'M',TO_DATE('13-MAR-1975','DD-MON-YYYY'),'EMAIL22@EMAIL.COM',TO_DATE('05-JUN-2020','DD-MON-YYYY'));
INSERT INTO EMPLOYEE VALUES ('EP123456W','SW17 6AF','2 ABBEY MEWS','EDDY','FLETCHER','07000000025',NULL,'M',TO_DATE('10-SEP-1977','DD-MON-YYYY'),'EMAIL23@EMAIL.COM',TO_DATE('24-MAR-2020','DD-MON-YYYY'));
INSERT INTO EMPLOYEE VALUES ('EP123456X','SW17 6AF','50 ABBEY MEWS','EDGAR','FITZ','07000000026',NULL,'M',TO_DATE('19-AUG-1980','DD-MON-YYYY'),'EMAIL24@EMAIL.COM',TO_DATE('26-MAY-2020','DD-MON-YYYY'));
INSERT INTO EMPLOYEE VALUES ('EP123456Z','SW17 6AF','61 ABBEY MEWS','EDWARD','FLOYD','07000000027',NULL,'M',TO_DATE('20-JAN-1980','DD-MON-YYYY'),'EMAIL25@EMAIL.COM',TO_DATE('31-MAR-2020','DD-MON-YYYY'));
INSERT INTO EMPLOYEE VALUES ('EP123457A','L40 0AA','43 OCEANA CLOSE','FABIEN','GARNER','07000000028',NULL,'M',TO_DATE('05-AUG-1974','DD-MON-YYYY'),'EMAIL26@EMAIL.COM',TO_DATE('08-JAN-2020','DD-MON-YYYY'));
INSERT INTO EMPLOYEE VALUES ('EP123457B','L40 0AA','93 OCEANA CLOSE','FIDEL','GARFIELD','07000000029',NULL,'M',TO_DATE('16-SEP-1981','DD-MON-YYYY'),'EMAIL27@EMAIL.COM',TO_DATE('26-FEB-2020','DD-MON-YYYY'));
INSERT INTO EMPLOYEE VALUES ('EP123457C','L40 0AA','90 OCEANA CLOSE','FARRAH','GARRICK','07000000030','07000000033','M',TO_DATE('23-OCT-1992','DD-MON-YYYY'),'EMAIL28@EMAIL.COM',TO_DATE('03-JUL-2020','DD-MON-YYYY'));
INSERT INTO EMPLOYEE VALUES ('EP123457D','L40 0AA','95 OCEANA CLOSE','FAYIZ','GEORGE','07000000031',NULL,'M',TO_DATE('07-JUN-1978','DD-MON-YYYY'),'EMAIL29@EMAIL.COM',TO_DATE('01-MAY-2020','DD-MON-YYYY'));
INSERT INTO EMPLOYEE VALUES ('EP123457E','L40 0AA','25 OCEANA CLOSE','FERLIN','GORAN','07000000034',NULL,'M',TO_DATE('06-APR-2000','DD-MON-YYYY'),'EMAIL30@EMAIL.COM',TO_DATE('24-JUN-2020','DD-MON-YYYY'));
INSERT INTO EMPLOYEE VALUES ('EP123457F','W10 4AD','6 PARRY STREET','GABBY','HALSEY','07000000035',NULL,'F',TO_DATE('29-DEC-1974','DD-MON-YYYY'),'EMAIL31@EMAIL.COM',TO_DATE('11-FEB-2020','DD-MON-YYYY'));
INSERT INTO EMPLOYEE VALUES ('EP123457G','W10 4AD','1 PARRY STREET','GILDA','HAMILTON','07000000036',NULL,'F',TO_DATE('18-AUG-2000','DD-MON-YYYY'),'EMAIL32@EMAIL.COM',TO_DATE('22-MAY-2020','DD-MON-YYYY'));
INSERT INTO EMPLOYEE VALUES ('EP123457H','W10 4AD','46 PARRY STREET','GALILEO','HANSON','07000000037',NULL,'M',TO_DATE('23-MAR-1986','DD-MON-YYYY'),'EMAIL33@EMAIL.COM',TO_DATE('22-APR-2020','DD-MON-YYYY'));
INSERT INTO EMPLOYEE VALUES ('EP123457I','W10 4AD','81 PARRY STREET','GARRY','HANSON','07000000038',NULL,'M',TO_DATE('18-NOV-1976','DD-MON-YYYY'),'EMAIL34@EMAIL.COM',TO_DATE('23-APR-2020','DD-MON-YYYY'));
INSERT INTO EMPLOYEE VALUES ('EP123457J','W10 4AD','28 PARRY STREET','GARON','HAYES','07000000039','07000000040','M',TO_DATE('16-DEC-1999','DD-MON-YYYY'),'EMAIL35@EMAIL.COM',TO_DATE('03-AUG-2020','DD-MON-YYYY'));
INSERT INTO EMPLOYEE VALUES ('EP123457K','EN5 7QZ','16 BRISTOW ROAD','GARON','INGRAM','07000000041',NULL,'M',TO_DATE('04-NOV-1970','DD-MON-YYYY'),'EMAIL36@EMAIL.COM',TO_DATE('03-AUG-2020','DD-MON-YYYY'));
INSERT INTO EMPLOYEE VALUES ('EP123457L','EN5 7QZ','96 BRISTOW ROAD','GARON','IRVING','07000000042','07000000043','M',TO_DATE('24-JUL-1988','DD-MON-YYYY'),'EMAIL37@EMAIL.COM',TO_DATE('03-AUG-2020','DD-MON-YYYY'));
INSERT INTO EMPLOYEE VALUES ('EP123457M','EN5 7QZ','58 BRISTOW ROAD','GARON','IBACH','07000000044','07000000045','M',TO_DATE('11-OCT-1977','DD-MON-YYYY'),'EMAIL38@EMAIL.COM',TO_DATE('05-NOV-2020','DD-MON-YYYY'));
INSERT INTO EMPLOYEE VALUES ('EP123457N','EN5 7QZ','86 BRISTOW ROAD','GARON','IIDA','07000000046',NULL,'M',TO_DATE('22-OCT-1974','DD-MON-YYYY'),'EMAIL39@EMAIL.COM',TO_DATE('05-NOV-2020','DD-MON-YYYY'));
INSERT INTO EMPLOYEE VALUES ('EP123457O','EN5 7QZ','48 BRISTOW ROAD','GARON','IKEDA','07000000047',NULL,'M',TO_DATE('23-SEP-1991','DD-MON-YYYY'),'EMAIL40@EMAIL.COM',TO_DATE('07-NOV-2020','DD-MON-YYYY'));

/* CLIENTS Inserts */ 
INSERT INTO CLIENTS VALUES ('CL123456A','PRIVATE','EDWARD','ELRIC','07500000000',NULL,'CLEMAIL1@EMAIL.COM');
INSERT INTO CLIENTS VALUES ('CL123456B','PRIVATE','HASHIRAMA','SENJU','07500000001',NULL,'CLEMAIL2@EMAIL.COM');
INSERT INTO CLIENTS VALUES ('CL123456C','PRIVATE','RINTAROU','OKABE','07500000002','07500000022','CLEMAIL3@EMAIL.COM');
INSERT INTO CLIENTS VALUES ('CL123456D','PRIVATE','MINATO','NAMIKAZE','07500000003',NULL,'CLEMAIL4@EMAIL.COM');
INSERT INTO CLIENTS VALUES ('CL123456E','PRIVATE','L.','LAWLIET','07500000004',NULL,'CLEMAIL5@EMAIL.COM');
INSERT INTO CLIENTS VALUES ('CL123456F','PRIVATE','MADARA','UCHIHA','07500000005',NULL,'CLEMAIL6@EMAIL.COM');
INSERT INTO CLIENTS VALUES ('CL123456G','PRIVATE','ITACHI','UCHIHA','07500000006',NULL,'CLEMAIL7@EMAIL.COM');
INSERT INTO CLIENTS VALUES ('CL123456H','CORPORATE','ERZA','SCARLET','08000000000','08000000008','CLBEMAIL8@EMAIL.COM');
INSERT INTO CLIENTS VALUES ('CL123456I','PRIVATE','HACHIMAN','HIKIGAYA','07500000007',NULL,'CLEMAIL9@EMAIL.COM');
INSERT INTO CLIENTS VALUES ('CL123456J','CORPORATE','TODOROKI','SHOTO','08000000001',NULL,'CLBEMAIL10@EMAIL.COM');
INSERT INTO CLIENTS VALUES ('CL123456K','CORPORATE','BAKUGO','KATSUKI','08000000002',NULL,'CLBEMAIL11@EMAIL.COM');
INSERT INTO CLIENTS VALUES ('CL123456L','CORPORATE','IZUKU','MIDORIYA','08000000003',NULL,'CLBEMAIL12@EMAIL.COM');
INSERT INTO CLIENTS VALUES ('CL123456M','PRIVATE','EREN','JAEGER','07500000008',NULL,'CLEMAIL13@EMAIL.COM');
INSERT INTO CLIENTS VALUES ('CL123456N','PRIVATE','ACE','D. PORTGAS','07500000009',NULL,'CLEMAIL14@EMAIL.COM');
INSERT INTO CLIENTS VALUES ('CL123456O','PRIVATE','ROY','MUSTANG','07500000010',NULL,'CLEMAIL15@EMAIL.COM');
INSERT INTO CLIENTS VALUES ('CL123456P','PRIVATE','DAZAI','OSAMU','07500000011',NULL,'CLEMAIL16@EMAIL.COM');
INSERT INTO CLIENTS VALUES ('CL123456Q','PRIVATE','LEVI','ACKERMAN','07500000012',NULL,'CLEMAIL17@EMAIL.COM');
INSERT INTO CLIENTS VALUES ('CL123456R','PRIVATE','ALPHONSE','ELRIC','07500000013','07500000023','CLEMAIL18@EMAIL.COM');
INSERT INTO CLIENTS VALUES ('CL123456S','PRIVATE','TOGA','HIMIKO','07500000014',NULL,'CLEMAIL19@EMAIL.COM');
INSERT INTO CLIENTS VALUES ('CL123456T','PRIVATE','KANEKI','KEN','07500000015',NULL,'CLEMAIL20@EMAIL.COM');
INSERT INTO CLIENTS VALUES ('CL123456U','PRIVATE','KURISU','MAKISE','07500000016',NULL,'CLEMAIL21@EMAIL.COM');
INSERT INTO CLIENTS VALUES ('CL123456V','CORPORATE','GOKU','SON','08000000004','08000000009','CLBEMAIL22@EMAIL.COM');
INSERT INTO CLIENTS VALUES ('CL123456W','PRIVATE','YUNO','GASAI','07500000017',NULL,'CLEMAIL23@EMAIL.COM');
INSERT INTO CLIENTS VALUES ('CL123456X','PRIVATE','KAZUTO','KIRIGAYA','07500000018',NULL,'CLEMAIL24@EMAIL.COM');
INSERT INTO CLIENTS VALUES ('CL123456Y','CORPORATE','MIKOTO','MISAKA','08000000005','08000000010','CLBEMAIL25@EMAIL.COM');
INSERT INTO CLIENTS VALUES ('CL123456Z','CORPORATE','GINTOKI','SAKATA','08000000006','08000000011','CLBEMAIL26@EMAIL.COM');
INSERT INTO CLIENTS VALUES ('CL123457A','PRIVATE','HISOKA','MOROW','07500000019','07500000024','CLEMAIL27@EMAIL.COM');
INSERT INTO CLIENTS VALUES ('CL123457B','PRIVATE','LELOUCHE','LAMPEROUGE','07500000020',NULL,'CLEMAIL28@EMAIL.COM');
INSERT INTO CLIENTS VALUES ('CL123457C','PRIVATE','ZORO','RORONOA','07500000021',NULL,'CLEMAIL29@EMAIL.COM');
INSERT INTO CLIENTS VALUES ('CL123457D','CORPORATE','KILLUA','ZOLDYCK','08000000007','08000000012','CLBEMAIL30@EMAIL.COM');

/* PAY_TYPE Inserts */ 
INSERT INTO PAY_TYPE VALUES ('FIXEDTEMP', 24000);
INSERT INTO PAY_TYPE VALUES ('FIXEDFULL', 36000);
INSERT INTO PAY_TYPE VALUES ('COMM75', 75);
INSERT INTO PAY_TYPE VALUES ('COMM80', 80);
INSERT INTO PAY_TYPE VALUES ('COMM70', 70);
/* OPERATOR Inserts */ 
INSERT INTO OPERATOR VALUES('OP123456A','EP123456A',40000,'1250L');
INSERT INTO OPERATOR VALUES('OP123456B','EP123456B',42500,'1250L');
INSERT INTO OPERATOR VALUES('OP123456C','EP123456C',39000,'1250L');
INSERT INTO OPERATOR VALUES('OP123456D','EP123456D',36000,'1250L');
INSERT INTO OPERATOR VALUES('OP123456E','EP123456E',41000,'1250L');
INSERT INTO OPERATOR VALUES('OP123456F','EP123456F',41000,'1250L');
INSERT INTO OPERATOR VALUES('OP123456G','EP123456G',40000,'1250L');
INSERT INTO OPERATOR VALUES('OP123456H','EP123456H',38000,'1250L');

/* DRIVER Inserts */ 
INSERT INTO DRIVER VALUES ('DV123456A','EP123456I','FIXEDFULL');
INSERT INTO DRIVER VALUES ('DV123456B','EP123456J','COMM75');
INSERT INTO DRIVER VALUES ('DV123456C','EP123456K','FIXEDFULL');
INSERT INTO DRIVER VALUES ('DV123456D','EP123456L','FIXEDFULL');
INSERT INTO DRIVER VALUES ('DV123456E','EP123456M','COMM75');
INSERT INTO DRIVER VALUES ('DV123456F','EP123456N','COMM80');
INSERT INTO DRIVER VALUES ('DV123456G','EP123456O','COMM75');
INSERT INTO DRIVER VALUES ('DV123456H','EP123456P','COMM75');
INSERT INTO DRIVER VALUES ('DV123456I','EP123456Q','FIXEDFULL');
INSERT INTO DRIVER VALUES ('DV123456J','EP123456R','COMM75');
INSERT INTO DRIVER VALUES ('DV123456K','EP123456S','FIXEDTEMP');
INSERT INTO DRIVER VALUES ('DV123456L','EP123456T','COMM75');
INSERT INTO DRIVER VALUES ('DV123456M','EP123456U','FIXEDTEMP');
INSERT INTO DRIVER VALUES ('DV123456N','EP123456V','COMM75');
INSERT INTO DRIVER VALUES ('DV123456O','EP123456W','COMM75');
INSERT INTO DRIVER VALUES ('DV123456P','EP123456X','FIXEDFULL');
INSERT INTO DRIVER VALUES ('DV123456R','EP123456Z','FIXEDTEMP');
INSERT INTO DRIVER VALUES ('DV123456S','EP123457A','FIXEDTEMP');
INSERT INTO DRIVER VALUES ('DV123456T','EP123457B','FIXEDFULL');
INSERT INTO DRIVER VALUES ('DV123456U','EP123457C','COMM80');
INSERT INTO DRIVER VALUES ('DV123456V','EP123457D','COMM75');
INSERT INTO DRIVER VALUES ('DV123456W','EP123457E','FIXEDFULL');
INSERT INTO DRIVER VALUES ('DV123456X','EP123457F','COMM75');
INSERT INTO DRIVER VALUES ('DV123456Y','EP123457G','FIXEDFULL');
INSERT INTO DRIVER VALUES ('DV123456Z','EP123457H','FIXEDFULL');
INSERT INTO DRIVER VALUES ('DV123457A','EP123457I','FIXEDFULL');
INSERT INTO DRIVER VALUES ('DV123457B','EP123457J','COMM75');
INSERT INTO DRIVER VALUES ('DV123457C','EP123457K','FIXEDTEMP');
INSERT INTO DRIVER VALUES ('DV123457D','EP123457L','FIXEDFULL');
INSERT INTO DRIVER VALUES ('DV123457E','EP123457M','COMM70');
INSERT INTO DRIVER VALUES ('DV123457F','EP123457N','COMM75');
INSERT INTO DRIVER VALUES ('DV123457G','EP123457O','FIXEDFULL');

/* BOOKING Inserts */ 
INSERT INTO BOOKING VALUES ('BK123456A','OP123456A','DV123456B',TO_DATE('08-NOV-2020','DD-MON-YYYY'),TO_DATE('12-NOV-2020','DD-MON-YYYY'),'21 BALFE STREET','79 TEMPLE WAY',3,'07900000000');
INSERT INTO BOOKING VALUES ('BK123456B','OP123456B','DV123456B',TO_DATE('07-MAY-2020','DD-MON-YYYY'),TO_DATE('08-MAY-2020','DD-MON-YYYY'),'78 TRAILLE STREET','76 BOAR LANE',5,'07900000001');
INSERT INTO BOOKING VALUES ('BK123456C','OP123456G','DV123456X',TO_DATE('15-APR-2020','DD-MON-YYYY'),TO_DATE('15-APR-2020','DD-MON-YYYY'),'72 QUAY STREET','63 PRINCE CONSORT ROAD',5,'07900000002');
INSERT INTO BOOKING VALUES ('BK123456D','OP123456C','DV123456W',TO_DATE('18-MAY-2020','DD-MON-YYYY'),TO_DATE('18-MAY-2020','DD-MON-YYYY'),'49 MILL LANE','77 HUDSTON ST',7,'07900000003');
INSERT INTO BOOKING VALUES ('BK123456E','OP123456D','DV123456A',TO_DATE('07-OCT-2020','DD-MON-YYYY'),TO_DATE('09-OCT-2020','DD-MON-YYYY'),'49 LONG STREET','118 TERRICK RD',4,'07900000004');
INSERT INTO BOOKING VALUES ('BK123456F','OP123456F','DV123457A',TO_DATE('10-SEP-2020','DD-MON-YYYY'),TO_DATE('10-SEP-2020','DD-MON-YYYY'),'91 NITH STREET','14 CHAPEL LANE',1,'07900000005');
INSERT INTO BOOKING VALUES ('BK123456G','OP123456E','DV123456G',TO_DATE('09-JUN-2020','DD-MON-YYYY'),TO_DATE('21-JUN-2020','DD-MON-YYYY'),'43 BOUVERIE ROAD','95 CARRIERS ROAD',4,'07900000006');
INSERT INTO BOOKING VALUES ('BK123456H','OP123456G','DV123456K',TO_DATE('18-AUG-2020','DD-MON-YYYY'),TO_DATE('16-SEP-2020','DD-MON-YYYY'),'72 HENDFORD HILL','94  BRYNGLAS ROAD',2,'07900000007');
INSERT INTO BOOKING VALUES ('BK123456I','OP123456H','DV123456O',TO_DATE('03-SEP-2020','DD-MON-YYYY'),TO_DATE('13-SEP-2020','DD-MON-YYYY'),'69 OXFORD RD','109 HARROGATE ROAD',1,'07900000008');
INSERT INTO BOOKING VALUES ('BK123456J','OP123456E','DV123456M',TO_DATE('23-JUL-2020','DD-MON-YYYY'),TO_DATE('25-JUL-2020','DD-MON-YYYY'),'60 MALBOROUGH CRESCENT','72 BUCKINGHAM RD',1,'07900000009');
INSERT INTO BOOKING VALUES ('BK123456K','OP123456C','DV123456H',TO_DATE('09-JUN-2020','DD-MON-YYYY'),TO_DATE('25-JUN-2020','DD-MON-YYYY'),'38 PRESTWICK ROAD','138 HULL ROAD',1,'07900000010');
INSERT INTO BOOKING VALUES ('BK123456L','OP123456D','DV123456A',TO_DATE('12-SEP-2020','DD-MON-YYYY'),TO_DATE('25-SEP-2020','DD-MON-YYYY'),'88 HELLAND BRIDGE','102 STATION ROAD',1,'07900000011');
INSERT INTO BOOKING VALUES ('BK123456M','OP123456A','DV123456T',TO_DATE('13-AUG-2020','DD-MON-YYYY'),TO_DATE('25-AUG-2020','DD-MON-YYYY'),'80 PARK AVENUE','103 CUNNERY ROAD',5,'07900000012');
INSERT INTO BOOKING VALUES ('BK123456N','OP123456F','DV123456Z',TO_DATE('13-MAY-2020','DD-MON-YYYY'),TO_DATE('07-JUN-2020','DD-MON-YYYY'),'55 COAST RD','36 HIGH STREET',1,'07900000013');
INSERT INTO BOOKING VALUES ('BK123456O','OP123456B','DV123456K',TO_DATE('12-AUG-2020','DD-MON-YYYY'),TO_DATE('12-AUG-2020','DD-MON-YYYY'),'60 GOLDEN KNOWES ROAD','57 NORTH PROMENADE',6,'07900000014');
INSERT INTO BOOKING VALUES ('BK123456P','OP123456C','DV123456P',TO_DATE('24-JUL-2020','DD-MON-YYYY'),TO_DATE('25-JUL-2020','DD-MON-YYYY'),'111 CAMBRIDGE ROAD','84 VICTORIA ROAD',2,'07900000015');
INSERT INTO BOOKING VALUES ('BK123456Q','OP123456G','DV123457F',TO_DATE('23-AUG-2020','DD-MON-YYYY'),TO_DATE('23-AUG-2020','DD-MON-YYYY'),'27 STONE CELLAR ROADT','54 FORE ST',1,'07900000016');
INSERT INTO BOOKING VALUES ('BK123456R','OP123456F','DV123456Z',TO_DATE('24-SEP-2020','DD-MON-YYYY'),TO_DATE('24-SEP-2020','DD-MON-YYYY'),'39 GEORGE STREET','100 BOTLEY ROAD',1,'07900000017');
INSERT INTO BOOKING VALUES ('BK123456S','OP123456A','DV123456E',TO_DATE('23-OCT-2020','DD-MON-YYYY'),TO_DATE('23-OCT-2020','DD-MON-YYYY'),'59 EXNING ROAD','105 WALDEN ROAD',7,'07900000018');
INSERT INTO BOOKING VALUES ('BK123456T','OP123456H','DV123456O',TO_DATE('23-OCT-2020','DD-MON-YYYY'),TO_DATE('23-OCT-2020','DD-MON-YYYY'),'71 HOLGATE RD','102 BRACKLEY ROAD',1,'07900000019');

/* REGULAR_BOOKING Inserts */ 
INSERT INTO REGULAR_BOOKING VALUES ('RB123456A','CL123456X','WEEKLY',TO_DATE('02-NOV-2020','DD-MON-YYYY'),3,'7 WEEKS');
INSERT INTO REGULAR_BOOKING VALUES ('RB123456B','CL123456U','DAILY',TO_DATE('02-NOV-2020','DD-MON-YYYY'),5,'4 DAYS');
INSERT INTO REGULAR_BOOKING VALUES ('RB123456C','CL123456I','WEEKLY',TO_DATE('02-NOV-2020','DD-MON-YYYY'),5,'4 WEEKS');
INSERT INTO REGULAR_BOOKING VALUES ('RB123456D','CL123456G','DAILY',TO_DATE('01-NOV-2020','DD-MON-YYYY'),7,'2 DAYS');
INSERT INTO REGULAR_BOOKING VALUES ('RB123456E','CL123457D','DAILY',TO_DATE('02-NOV-2020','DD-MON-YYYY'),4,'30 DAYS');
INSERT INTO REGULAR_BOOKING VALUES ('RB123456F','CL123456Z','WEEKLY',TO_DATE('02-NOV-2020','DD-MON-YYYY'),1,'12 WEEKS');
INSERT INTO REGULAR_BOOKING VALUES ('RB123456G','CL123457C','WEEKLY',TO_DATE('01-NOV-2020','DD-MON-YYYY'),2,'6 WEEKS');
INSERT INTO REGULAR_BOOKING VALUES ('RB123456H','CL123456C','DAILY',TO_DATE('02-NOV-2020','DD-MON-YYYY'),1,'3 DAYS');
INSERT INTO REGULAR_BOOKING VALUES ('RB123456I','CL123456A','WEEKLY',TO_DATE('02-NOV-2020','DD-MON-YYYY'),1,'8 WEEKS');
INSERT INTO REGULAR_BOOKING VALUES ('RB123456J','CL123456Q','DAILY',TO_DATE('01-NOV-2020','DD-MON-YYYY'),1,'7 DAYS');
INSERT INTO REGULAR_BOOKING VALUES ('RB123456K','CL123456E','MONTHLY',TO_DATE('06-NOV-2020','DD-MON-YYYY'),1,'6 MONTHS');
INSERT INTO REGULAR_BOOKING VALUES ('RB123456L','CL123457B','WEEKLY',TO_DATE('06-OCT-2020','DD-MON-YYYY'),6,'6 WEEKS');
INSERT INTO REGULAR_BOOKING VALUES ('RB123456M','CL123456X','MONTHLY',TO_DATE('22-OCT-2020','DD-MON-YYYY'),2,'4 MONTHS');
INSERT INTO REGULAR_BOOKING VALUES ('RB123456N','CL123456J','DAILY',TO_DATE('14-OCT-2020','DD-MON-YYYY'),1,'14 DAYS');
INSERT INTO REGULAR_BOOKING VALUES ('RB123456O','CL123456L','DAILY',TO_DATE('12-OCT-2020','DD-MON-YYYY'),7,'12 DAYS');

/* DRIVER_REVENUE Inserts */ 
INSERT INTO DRIVER_REVENUE VALUES ('RV123456A','DV123456A',TO_DATE('01-NOV-2020','DD-MON-YYYY'),3000,476,2524);
INSERT INTO DRIVER_REVENUE VALUES ('RV123456B','DV123456B',TO_DATE('01-NOV-2020','DD-MON-YYYY'),2932,833,2099);
INSERT INTO DRIVER_REVENUE VALUES ('RV123456C','DV123456C',TO_DATE('01-NOV-2020','DD-MON-YYYY'),3000,497,2503);
INSERT INTO DRIVER_REVENUE VALUES ('RV123456D','DV123456D',TO_DATE('01-NOV-2020','DD-MON-YYYY'),3000,320,2680);
INSERT INTO DRIVER_REVENUE VALUES ('RV123456E','DV123456E',TO_DATE('01-NOV-2020','DD-MON-YYYY'),3265,916.25,2348.75);
INSERT INTO DRIVER_REVENUE VALUES ('RV123456F','DV123456F',TO_DATE('01-NOV-2020','DD-MON-YYYY'),3004,700.8,2303.2);
INSERT INTO DRIVER_REVENUE VALUES ('RV123456G','DV123456G',TO_DATE('01-NOV-2020','DD-MON-YYYY'),2761,690.25,2070.75);
INSERT INTO DRIVER_REVENUE VALUES ('RV123456H','DV123456H',TO_DATE('01-NOV-2020','DD-MON-YYYY'),2637,759.25,1877.75);
INSERT INTO DRIVER_REVENUE VALUES ('RV123456I','DV123456I',TO_DATE('01-NOV-2020','DD-MON-YYYY'),3000,306,2694);
INSERT INTO DRIVER_REVENUE VALUES ('RV123456J','DV123456J',TO_DATE('01-NOV-2020','DD-MON-YYYY'),3222,905.5,2316.5);
INSERT INTO DRIVER_REVENUE VALUES ('RV123456K','DV123456K',TO_DATE('01-NOV-2020','DD-MON-YYYY'),2000,467,1533);
INSERT INTO DRIVER_REVENUE VALUES ('RV123456L','DV123456L',TO_DATE('01-NOV-2020','DD-MON-YYYY'),2765,791.25,1973.75);
INSERT INTO DRIVER_REVENUE VALUES ('RV123456M','DV123456M',TO_DATE('01-NOV-2020','DD-MON-YYYY'),2000,468,1532);
INSERT INTO DRIVER_REVENUE VALUES ('RV123456N','DV123456N',TO_DATE('01-NOV-2020','DD-MON-YYYY'),2675,768.75,1906.25);
INSERT INTO DRIVER_REVENUE VALUES ('RV123456O','DV123456O',TO_DATE('01-NOV-2020','DD-MON-YYYY'),2572,743,1829);
INSERT INTO DRIVER_REVENUE VALUES ('RV123456P','DV123456P',TO_DATE('01-NOV-2020','DD-MON-YYYY'),3000,405,2595);
INSERT INTO DRIVER_REVENUE VALUES ('RV123456Q','DV123456R',TO_DATE('01-NOV-2020','DD-MON-YYYY'),2000,342,1658);
INSERT INTO DRIVER_REVENUE VALUES ('RV123456R','DV123456S',TO_DATE('01-NOV-2020','DD-MON-YYYY'),2000,470,1530);
INSERT INTO DRIVER_REVENUE VALUES ('RV123456S','DV123456T',TO_DATE('01-NOV-2020','DD-MON-YYYY'),3000,317,2683);
INSERT INTO DRIVER_REVENUE VALUES ('RV123456T','DV123456U',TO_DATE('01-NOV-2020','DD-MON-YYYY'),3035,707,2328);
INSERT INTO DRIVER_REVENUE VALUES ('RV123456U','DV123456V',TO_DATE('01-NOV-2020','DD-MON-YYYY'),2861,672.20,2188.8);
INSERT INTO DRIVER_REVENUE VALUES ('RV123456V','DV123456W',TO_DATE('01-NOV-2020','DD-MON-YYYY'),3000,395,2605);
INSERT INTO DRIVER_REVENUE VALUES ('RV123456W','DV123456X',TO_DATE('01-NOV-2020','DD-MON-YYYY'),3303,925.75,2377.25);
INSERT INTO DRIVER_REVENUE VALUES ('RV123456X','DV123456Y',TO_DATE('01-NOV-2020','DD-MON-YYYY'),3000,475,2525);
INSERT INTO DRIVER_REVENUE VALUES ('RV123456Y','DV123456Z',TO_DATE('01-NOV-2020','DD-MON-YYYY'),3000,420,2580);
INSERT INTO DRIVER_REVENUE VALUES ('RV123456Z','DV123457A',TO_DATE('01-NOV-2020','DD-MON-YYYY'),3000,308,2692);
INSERT INTO DRIVER_REVENUE VALUES ('RV123457A','DV123457B',TO_DATE('01-NOV-2020','DD-MON-YYYY'),3319,929.75,2389.25);
INSERT INTO DRIVER_REVENUE VALUES ('RV123457B','DV123457C',TO_DATE('01-NOV-2020','DD-MON-YYYY'),2000,288,1712);
INSERT INTO DRIVER_REVENUE VALUES ('RV123457C','DV123457D',TO_DATE('01-NOV-2020','DD-MON-YYYY'),3000,321,2679);
INSERT INTO DRIVER_REVENUE VALUES ('RV123457D','DV123457E',TO_DATE('01-NOV-2020','DD-MON-YYYY'),2506,851.8,1654.2);
INSERT INTO DRIVER_REVENUE VALUES ('RV123457E','DV123457F',TO_DATE('01-NOV-2020','DD-MON-YYYY'),2623,755.75,1867.25);
INSERT INTO DRIVER_REVENUE VALUES ('RV123457F','DV123457G',TO_DATE('01-NOV-2020','DD-MON-YYYY'),3000,434,2566);

/* CORPERATE_CLIENT Inserts */ 
INSERT INTO CORPORATE_CLIENT VALUES('CL123456H','UMBRELLA CORP');
INSERT INTO CORPORATE_CLIENT VALUES('CL123456J','WONKA INDUSTRIES');
INSERT INTO CORPORATE_CLIENT VALUES('CL123456K','STARK INDUSTRIES');
INSERT INTO CORPORATE_CLIENT VALUES('CL123456L','WAYNE ENTERPRISES');
INSERT INTO CORPORATE_CLIENT VALUES('CL123456V','INGEN');
INSERT INTO CORPORATE_CLIENT VALUES('CL123456Y','SPECTRE');
INSERT INTO CORPORATE_CLIENT VALUES('CL123456Z','MONSTERS INC');
INSERT INTO CORPORATE_CLIENT VALUES('CL123457D','THE KRUSTY KRAB');

/* EMPLOYEE_INCIDENTS Inserts*/ 
INSERT INTO EMPLOYEE_INCIDENTS VALUES ('IN123456A','EP123457I','SICK','GOT MY FINGERS STUCK IN A BOWLING BALL',TO_DATE('02-NOV-2020','DD-MON-YYYY'));
INSERT INTO EMPLOYEE_INCIDENTS VALUES ('IN123456B','EP123456M','VACATION REQUEST','I WANT TO GO ON MY HONEYMOON',TO_DATE('10-NOV-2020','DD-MON-YYYY'));
INSERT INTO EMPLOYEE_INCIDENTS VALUES ('IN123456C','EP123456G','DISCIPLINARY ACTION','CAME TO WORK DRUNK. LICENSE SUSPENDED UNTIL FURTHER NOTICE',TO_DATE('02-OCT-2020','DD-MON-YYYY'));
INSERT INTO EMPLOYEE_INCIDENTS VALUES ('IN123456D','EP123456X','SICK','MY GIRLFRIEND BIT ME IN A BAD PLACE',TO_DATE('12-OCT-2020','DD-MON-YYYY'));
INSERT INTO EMPLOYEE_INCIDENTS VALUES ('IN123456E','EP123457I','SICK','I HAVE A BLOCKED NOSE',TO_DATE('15-MAY-2020','DD-MON-YYYY'));
INSERT INTO EMPLOYEE_INCIDENTS VALUES ('IN123456F','EP123457B','SICK','BITTEN BY A SNAKE',TO_DATE('28-APR-2020','DD-MON-YYYY'));
INSERT INTO EMPLOYEE_INCIDENTS VALUES ('IN123456G','EP123457K','VACATION REQUEST','LONG OVERDUE FOR A BREAK, WANT TO TAKE MY FAMILY TO HAWAII',TO_DATE('03-SEP-2020','DD-MON-YYYY'));
INSERT INTO EMPLOYEE_INCIDENTS VALUES ('IN123456H','EP123456F','VACATION REQUEST','I HEAR SPAIN IS A GREAT PLACE TO FIND CARS, MIND IF I TAKE A LOOK MYSELF?',TO_DATE('07-MAR-2020','DD-MON-YYYY'));
INSERT INTO EMPLOYEE_INCIDENTS VALUES ('IN123456I','EP123457A','SICK','REALLY BAD HANGOVER',TO_DATE('09-APR-2020','DD-MON-YYYY'));
INSERT INTO EMPLOYEE_INCIDENTS VALUES ('IN123456J','EP123456Z','SICK','DRANK TOILET WATER, I DONT FEEL SO GOOD',TO_DATE('03-NOV-2020','DD-MON-YYYY'));

/* CARS Inserts */ 
INSERT INTO CARS VALUES('CR1234A','DV123456A',2018,52041,TO_DATE('06-AUG-2020','DD-MON-YYYY'),4,'ROADWORTHY','COMPANY*');
INSERT INTO CARS VALUES('CR1234B','DV123456B',2008,112218,TO_DATE('28-AUG-2020','DD-MON-YYYY'),4,'AWAITING REPAIR','COMPANY*');
INSERT INTO CARS VALUES('CR1234C','DV123456C',2012,178627,TO_DATE('28-APR-2020','DD-MON-YYYY'),5,'ROADWORTHY','DV123456C');
INSERT INTO CARS VALUES('CR1234D','DV123456D',2011,234439,TO_DATE('28-JUL-2020','DD-MON-YYYY'),4,'IN FOR SERVICE','DV123456D');
INSERT INTO CARS VALUES('CR1234E','DV123456E',2016,138258,TO_DATE('05-AUG-2020','DD-MON-YYYY'),7,'ROADWORTHY','DV123456E');
INSERT INTO CARS VALUES('CR1234F','DV123456F',2013,198394,TO_DATE('04-JUL-2020','DD-MON-YYYY'),4,'ROADWORTHY','DV123456F');
INSERT INTO CARS VALUES('CR1234G','DV123456G',2010,204617,TO_DATE('11-JUL-2020','DD-MON-YYYY'),4,'IN FOR SERVICE','DV123456G');
INSERT INTO CARS VALUES('CR1234H','DV123456H',2014,145298,TO_DATE('15-DEC-2019','DD-MON-YYYY'),4,'ROADWORTHY','COMPANY*');
INSERT INTO CARS VALUES('CR1234I','DV123456I',2011,144342,TO_DATE('26-FEB-2020','DD-MON-YYYY'),4,'ROADWORTHY','COMPANY*');
INSERT INTO CARS VALUES('CR1234J','DV123456J',2010,76744,TO_DATE('06-MAR-2020','DD-MON-YYYY'),4,'ROADWORTHY','COMPANY*');
INSERT INTO CARS VALUES('CR1234K','DV123456K',2017,152576,TO_DATE('05-FEB-2020','DD-MON-YYYY'),4,'ROADWORTHY','COMPANY*');
INSERT INTO CARS VALUES('CR1234L','DV123456L',2013,57314,TO_DATE('09-JUL-2020','DD-MON-YYYY'),4,'ROADWORTHY','DV123456L');
INSERT INTO CARS VALUES('CR1234M','DV123456M',2018,162746,TO_DATE('19-APR-2020','DD-MON-YYYY'),4,'ROADWORTHY','COMPANY*');
INSERT INTO CARS VALUES('CR1234N','DV123456N',2017,76487,TO_DATE('25-SEP-2020','DD-MON-YYYY'),4,'AWAITING REPAIR','COMPANY*');
INSERT INTO CARS VALUES('CR1234O','DV123456O',2009,74797,TO_DATE('01-AUG-2020','DD-MON-YYYY'),4,'ROADWORTHY','DV123456O');
INSERT INTO CARS VALUES('CR1234P','DV123456P',2010,192497,TO_DATE('18-DEC-2019','DD-MON-YYYY'),4,'ROADWORTHY','DV123456P');
INSERT INTO CARS VALUES('CR1234Q','DV123456R',2013,247143,TO_DATE('31-AUG-2020','DD-MON-YYYY'),5,'IN FOR SERVICE','DV123456R');
INSERT INTO CARS VALUES('CR1234R','DV123456S',2013,162729,TO_DATE('23-JAN-2020','DD-MON-YYYY'),5,'ROADWORTHY','DV123456S');
INSERT INTO CARS VALUES('CR1234S','DV123456T',2014,205776,TO_DATE('08-APR-2020','DD-MON-YYYY'),4,'IN FOR SERVICE','DV123456T');
INSERT INTO CARS VALUES('CR1234T','DV123456U',2017,232771,TO_DATE('05-AUG-2020','DD-MON-YYYY'),4,'IN FOR SERVICE','COMPANY*');
INSERT INTO CARS VALUES('CR1234U','DV123456V',2009,230137,TO_DATE('15-JAN-2020','DD-MON-YYYY'),4,'IN FOR SERVICE','COMPANY*');
INSERT INTO CARS VALUES('CR1234V','DV123456W',2015,175932,TO_DATE('26-OCT-2020','DD-MON-YYYY'),4,'ROADWORTHY','DV123456W');
INSERT INTO CARS VALUES('CR1234W','DV123456X',2012,230268,TO_DATE('07-OCT-2020','DD-MON-YYYY'),4,'IN FOR SERVICE','DV123456X');
INSERT INTO CARS VALUES('CR1234X','DV123456Y',2007,170101,TO_DATE('20-SEP-2020','DD-MON-YYYY'),4,'ROADWORTHY','DV123456Y');
INSERT INTO CARS VALUES('CR1234Y','DV123456Z',2012,226776,TO_DATE('14-JUL-2020','DD-MON-YYYY'),4,'IN FOR SERVICE','DV123456Z');
INSERT INTO CARS VALUES('CR1234Z','DV123457A',2014,73036,TO_DATE('23-AUG-2020','DD-MON-YYYY'),6,'ROADWORTHY','DV123457A');
INSERT INTO CARS VALUES('CR1235A','DV123457B',2017,202035,TO_DATE('27-AUG-2020','DD-MON-YYYY'),4,'ROADWORTHY','DV123457B');
INSERT INTO CARS VALUES('CR1235B','DV123457C',2008,120144,TO_DATE('02-JAN-2020','DD-MON-YYYY'),4,'AWAITING REPAIR','DV123457C');
INSERT INTO CARS VALUES('CR1235C','DV123457D',2006,166016,TO_DATE('14-SEP-2020','DD-MON-YYYY'),6,'ROADWORTHY','DV123457D');
INSERT INTO CARS VALUES('CR1235D','DV123457E',2012,87452,TO_DATE('01-APR-2020','DD-MON-YYYY'),4,'ROADWORTHY','DV123457E');
INSERT INTO CARS VALUES('CR1235E','DV123457F',2013,88800,TO_DATE('01-NOV-2020','DD-MON-YYYY'),4,'ROADWORTHY','COMPANY*');
INSERT INTO CARS VALUES('CR1235F','DV123457G',2012,130650,TO_DATE('17-AUG-2020','DD-MON-YYYY'),6,'AWAITING REPAIR','DV123457G');

/* SHIFT Inserts */ 
INSERT INTO SHIFT VALUES ('SH123456A','EP123456V',TO_DATE('05-NOV-2020','DD-MON-YYYY'),'NIGHT');
INSERT INTO SHIFT VALUES ('SH123456B','EP123456Z',TO_DATE('25-NOV-2020','DD-MON-YYYY'),'AFTERNOON');
INSERT INTO SHIFT VALUES ('SH123456C','EP123457I',TO_DATE('29-NOV-2020','DD-MON-YYYY'),'NIGHT');
INSERT INTO SHIFT VALUES ('SH123456D','EP123457K',TO_DATE('05-NOV-2020','DD-MON-YYYY'),'AFTERNOON');
INSERT INTO SHIFT VALUES ('SH123456E','EP123457N',TO_DATE('13-NOV-2020','DD-MON-YYYY'),'EVENING');
INSERT INTO SHIFT VALUES ('SH123456F','EP123456Z',TO_DATE('08-NOV-2020','DD-MON-YYYY'),'AFTERNOON');
INSERT INTO SHIFT VALUES ('SH123456G','EP123457A',TO_DATE('24-NOV-2020','DD-MON-YYYY'),'AFTERNOON');
INSERT INTO SHIFT VALUES ('SH123456H','EP123456W',TO_DATE('28-NOV-2020','DD-MON-YYYY'),'NIGHT');
INSERT INTO SHIFT VALUES ('SH123456I','EP123456B',TO_DATE('12-NOV-2020','DD-MON-YYYY'),'AFTERNOON');
INSERT INTO SHIFT VALUES ('SH123456J','EP123456I',TO_DATE('24-NOV-2020','DD-MON-YYYY'),'AFTERNOON');
INSERT INTO SHIFT VALUES ('SH123456K','EP123457E',TO_DATE('04-NOV-2020','DD-MON-YYYY'),'EVENING');
INSERT INTO SHIFT VALUES ('SH123456L','EP123457D',TO_DATE('29-NOV-2020','DD-MON-YYYY'),'EVENING');
INSERT INTO SHIFT VALUES ('SH123456M','EP123457M',TO_DATE('07-NOV-2020','DD-MON-YYYY'),'EVENING');
INSERT INTO SHIFT VALUES ('SH123456N','EP123456K',TO_DATE('07-NOV-2020','DD-MON-YYYY'),'EVENING');
INSERT INTO SHIFT VALUES ('SH123456O','EP123456N',TO_DATE('11-NOV-2020','DD-MON-YYYY'),'AFTERNOON');
INSERT INTO SHIFT VALUES ('SH123456P','EP123456X',TO_DATE('11-NOV-2020','DD-MON-YYYY'),'NIGHT');
INSERT INTO SHIFT VALUES ('SH123456Q','EP123457I',TO_DATE('10-NOV-2020','DD-MON-YYYY'),'NIGHT');
INSERT INTO SHIFT VALUES ('SH123456R','EP123456T',TO_DATE('28-NOV-2020','DD-MON-YYYY'),'AFTERNOON');
INSERT INTO SHIFT VALUES ('SH123456S','EP123457C',TO_DATE('07-NOV-2020','DD-MON-YYYY'),'EVENING');
INSERT INTO SHIFT VALUES ('SH123456T','EP123456D',TO_DATE('02-NOV-2020','DD-MON-YYYY'),'NIGHT');

/* PAYMENT Inserts */ 
INSERT INTO PAYMENT VALUES('PY123456A','BK123456A','CARD',TO_DATE('08-NOV-2020','DD-MON-YYYY'),'KAZUTO','KIRIGAYA','4432491216876558',TO_DATE('AUG-2023','MON-YYYY'),'296',14.43);
INSERT INTO PAYMENT VALUES('PY123456B','BK123456B','CARD',TO_DATE('07-MAY-2020','DD-MON-YYYY'),'KURISU','MAKISE','5127071833675349',TO_DATE('AUG-2023','MON-YYYY'),'314',39.3);
INSERT INTO PAYMENT VALUES('PY123456C','BK123456C','CARD',TO_DATE('15-APR-2020','DD-MON-YYYY'),'HACHIMAN','HIKIGAYA','5213211675421049',TO_DATE('AUG-2023','MON-YYYY'),'329',37.9);
INSERT INTO PAYMENT VALUES('PY123456D','BK123456D','CARD',TO_DATE('18-MAY-2020','DD-MON-YYYY'),'ITACHI','UCHIHA','4415655174552366',TO_DATE('AUG-2023','MON-YYYY'),'129',51.66);
INSERT INTO PAYMENT VALUES('PY123456E','BK123456E','CARD',TO_DATE('07-OCT-2020','DD-MON-YYYY'),'KILLUA','ZOLDYCK','5416855454432331',TO_DATE('AUG-2023','MON-YYYY'),'897',29.08);
INSERT INTO PAYMENT VALUES('PY123456F','BK123456F','CARD',TO_DATE('10-SEP-2020','DD-MON-YYYY'),'SAKATA','GINTOKI','5177185476318618',TO_DATE('AUG-2023','MON-YYYY'),'316',4.54);
INSERT INTO PAYMENT VALUES('PY123456G','BK123456G','CASH',TO_DATE('21-JUN-2020','DD-MON-YYYY'),'NARUTO','UZUMAKI',NULL,NULL,NULL,26.16);
INSERT INTO PAYMENT VALUES('PY123456H','BK123456H','CARD',TO_DATE('18-AUG-2020','DD-MON-YYYY'),'RORONOA','ZORO','4966118739314742',TO_DATE('AUG-2022','MON-YYYY'),'640',14.06);
INSERT INTO PAYMENT VALUES('PY123456I','BK123456I','CARD',TO_DATE('03-SEP-2020','DD-MON-YYYY'),'RINTAROU','OKABE','5275496342325815',TO_DATE('DEC-2020','MON-YYYY'),'664',5.42);
INSERT INTO PAYMENT VALUES('PY123456J','BK123456J','CARD',TO_DATE('23-JUL-2020','DD-MON-YYYY'),'LIGHT','YAGAMI','5258908674928124',TO_DATE('DEC-2020','MON-YYYY'),'366',4.99);
INSERT INTO PAYMENT VALUES('PY123456K','BK123456K','CARD',TO_DATE('09-JUN-2020','DD-MON-YYYY'),'EDWARD','ELRIC','5420754499865718',TO_DATE('AUG-2022','MON-YYYY'),'532',7.65);
INSERT INTO PAYMENT VALUES('PY123456L','BK123456L','CARD',TO_DATE('12-SEP-2020','DD-MON-YYYY'),'LEVI','ACKERMAN','4985301649478610',TO_DATE('DEC-2020','MON-YYYY'),'528',5.04);
INSERT INTO PAYMENT VALUES('PY123456M','BK123456M','CARD',TO_DATE('13-AUG-2020','DD-MON-YYYY'),'LUFFY','MONKEY D.','5456334646753146',TO_DATE('AUG-2022','MON-YYYY'),'275',38.9);
INSERT INTO PAYMENT VALUES('PY123456N','BK123456N','CARD',TO_DATE('13-MAY-2020','DD-MON-YYYY'),'L.','LAWLIET','5136226533936057',TO_DATE('AUG-2022','MON-YYYY'),'177',4.17);
INSERT INTO PAYMENT VALUES('PY123456O','BK123456O','CARD',TO_DATE('12-AUG-2020','DD-MON-YYYY'),'LELOUCHE','LAMPEROUGE','5445471841716637',TO_DATE('AUG-2021','MON-YYYY'),'314',39.84);
INSERT INTO PAYMENT VALUES('PY123456P','BK123456P','CASH',TO_DATE('25-JUL-2020','DD-MON-YYYY'),'KAZUTO','KIRIGAYA',NULL,NULL,NULL,15.46);
INSERT INTO PAYMENT VALUES('PY123456Q','BK123456Q','CASH',TO_DATE('23-AUG-2020','DD-MON-YYYY'),'GON','FREECSS',NULL,NULL,NULL,4.38);
INSERT INTO PAYMENT VALUES('PY123456R','BK123456R','CARD',TO_DATE('24-SEP-2020','DD-MON-YYYY'),'TODOROKI','SHOTO','4671524735151580',TO_DATE('AUG-2021','MON-YYYY'),'826',6.56);
INSERT INTO PAYMENT VALUES('PY123456S','BK123456S','CARD',TO_DATE('23-OCT-2020','DD-MON-YYYY'),'IZUKU','MIDORIYA','4524075348975567',TO_DATE('AUG-2021','MON-YYYY'),'699',38.29);
INSERT INTO PAYMENT VALUES('PY123456T','BK123456T','CASH',TO_DATE('23-OCT-2020','DD-MON-YYYY'),'ICHIGO','KUROSAKI',NULL,NULL,NULL,5.27);

/* RECURRENT_BOOKING Inserts */ 
INSERT INTO RECURRENT_BOOKING VALUES('BK123456A','RB123456A');
INSERT INTO RECURRENT_BOOKING VALUES('BK123456B','RB123456B');
INSERT INTO RECURRENT_BOOKING VALUES('BK123456C','RB123456C');
INSERT INTO RECURRENT_BOOKING VALUES('BK123456D','RB123456D');
INSERT INTO RECURRENT_BOOKING VALUES('BK123456E','RB123456E');
INSERT INTO RECURRENT_BOOKING VALUES('BK123456F','RB123456F');
INSERT INTO RECURRENT_BOOKING VALUES('BK123456H','RB123456G');
INSERT INTO RECURRENT_BOOKING VALUES('BK123456I','RB123456H');
INSERT INTO RECURRENT_BOOKING VALUES('BK123456K','RB123456I');
INSERT INTO RECURRENT_BOOKING VALUES('BK123456L','RB123456J');
INSERT INTO RECURRENT_BOOKING VALUES('BK123456N','RB123456K');
INSERT INTO RECURRENT_BOOKING VALUES('BK123456O','RB123456L');
INSERT INTO RECURRENT_BOOKING VALUES('BK123456P','RB123456M');
INSERT INTO RECURRENT_BOOKING VALUES('BK123456R','RB123456N');
INSERT INTO RECURRENT_BOOKING VALUES('BK123456S','RB123456O');
