/* CITY_LOOKUP Inserts */ 
INSERT INTO CITY_LOOKUP VALUES ('N14 4AU', 'NORTH LONDON');
INSERT INTO CITY_LOOKUP VALUES ('NW8 9ZL', 'NORTH WEST LONDON');
INSERT INTO CITY_LOOKUP VALUES ('SW17 6AF', 'SOUTH WEST LONDON');

/* EMPLOYEE Inserts */ 
INSERT INTO EMPLOYEE VALUES ('EP123456A','B1 1DA','5 ALLINGTON ROAD','Dan', 'Fcface','07000000000',NULL,'M',TO_DATE('23-JAN-2002','DD-MON-YYYY'),'EMAIL1@EMAIL.COM',TO_DATE('06-NOV-2020','DD-MON-YYYY'));
INSERT INTO EMPLOYEE VALUES ('EP123456B','B1 1DA','44 ALLINGTON ROAD', 'Ray', 'Rampatino','07000000001','07000000002','M',TO_DATE('12-JAN-1998','DD-MON-YYYY'),'EMAIL2@EMAIL.COM',TO_DATE('18-MAY-2020','DD-MON-YYYY'));
INSERT INTO EMPLOYEE VALUES ('EP123456C','B1 1DA','39 ALLINGTON ROAD','Digby','Dadarino','07000000003',NULL,'M',TO_DATE('23-JAN-2002','DD-MON-YYYY'),'EMAIL3@EMAIL.COM',TO_DATE('06-NOV-2020','DD-MON-YYYY'));
INSERT INTO EMPLOYEE VALUES ('EP123456D','B1 1DA','60 ALLINGTON ROAD','Dan2','Fcface2','07000000004',NULL,'M',TO_DATE('12-FEB-2001','DD-MON-YYYY'),'EMAIL4@EMAIL.COM',TO_DATE('05-FEB-2020','DD-MON-YYYY'));
INSERT INTO EMPLOYEE VALUES ('EP123456E','B1 1DA','90 ALLINGTON ROAD','Ray2', 'Rampatino2','07000000005',NULL,'M',TO_DATE('12-JAN-1971','DD-MON-YYYY'),'EMAIL5@EMAIL.COM',TO_DATE('01-JUN-2020','DD-MON-YYYY'));
INSERT INTO EMPLOYEE VALUES ('EP123456F','N14 4AU','63 KEYSE ROAD','Digby2', 'Dadarino2','07000000006','07000000007','M',TO_DATE('16-OCT-1978','DD-MON-YYYY'),'EMAIL6@EMAIL.COM',TO_DATE('05-MAR-2020','DD-MON-YYYY'));

/* CLIENTS Inserts */ 
INSERT INTO CLIENTS VALUES ('CL123456A','PRIVATE','EDWARD','ELRIC','07500000000',NULL,'CLEMAIL1@EMAIL.COM');
INSERT INTO CLIENTS VALUES ('CL123456B','PRIVATE','HASHIRAMA','SENJU','07500000001',NULL,'CLEMAIL2@EMAIL.COM');
INSERT INTO CLIENTS VALUES ('CL123456C','PRIVATE','RINTAROU','OKABE','07500000002','07500000022','CLEMAIL3@EMAIL.COM');

/* PAY_TYPE Inserts */ 
INSERT INTO PAY_TYPE VALUES ('FIXEDTEMP', 24000);
INSERT INTO PAY_TYPE VALUES ('FIXEDFULL', 36000);
INSERT INTO PAY_TYPE VALUES ('COMM75', 75);

/* OPERATOR Inserts */ 
INSERT INTO OPERATOR VALUES('OP123456A','EP123456A',40000,'1250L');
INSERT INTO OPERATOR VALUES('OP123456B','EP123456B',42500,'1250L');
INSERT INTO OPERATOR VALUES('OP123456C','EP123456C',39000,'1250L');

/* DRIVER Inserts */ 
INSERT INTO DRIVER VALUES ('DV123456A','EP123456D','FIXEDFULL');
INSERT INTO DRIVER VALUES ('DV123456B','EP123456E','COMM75');
INSERT INTO DRIVER VALUES ('DV123456C','EP123456F','FIXEDFULL');

/* BOOKING Inserts */ 
INSERT INTO BOOKING VALUES ('BK0000002','OP123456A','DV123456A',TO_DATE('08-NOV-2020','DD-MON-YYYY'),TO_DATE('12-NOV-2020','DD-MON-YYYY'),'21 BALFE STREET','79 TEMPLE WAY',3,'07900000000');
INSERT INTO BOOKING VALUES ('BK0000003','OP123456B','DV123456B',TO_DATE('07-MAY-2020','DD-MON-YYYY'),TO_DATE('08-MAY-2020','DD-MON-YYYY'),'78 TRAILLE STREET','76 BOAR LANE',5,'07900000001');
INSERT INTO BOOKING VALUES ('BK0000004','OP123456C','DV123456C',TO_DATE('15-APR-2020','DD-MON-YYYY'),TO_DATE('15-APR-2020','DD-MON-YYYY'),'72 QUAY STREET','63 PRINCE CONSORT ROAD',5,'07900000002');

/* REGULAR_BOOKING Inserts */ 
INSERT INTO REGULAR_BOOKING VALUES ('RB0000001','CL123456A','WEEKLY',TO_DATE('02-NOV-2020','DD-MON-YYYY'),3,'7 WEEKS');
INSERT INTO REGULAR_BOOKING VALUES ('RB0000002','CL123456B','DAILY',TO_DATE('02-NOV-2020','DD-MON-YYYY'),5,'4 DAYS');
INSERT INTO REGULAR_BOOKING VALUES ('RB0000003','CL123456A','WEEKLY',TO_DATE('02-NOV-2020','DD-MON-YYYY'),5,'4 WEEKS');

/* DRIVER_REVENUE Inserts */ 
INSERT INTO DRIVER_REVENUE VALUES ('RV123456A','DV123456A',TO_DATE('01-NOV-2020','DD-MON-YYYY'),3000,476,2524);
INSERT INTO DRIVER_REVENUE VALUES ('RV123456B','DV123456B',TO_DATE('01-NOV-2020','DD-MON-YYYY'),2932,833,2099);
INSERT INTO DRIVER_REVENUE VALUES ('RV123456C','DV123456C',TO_DATE('01-NOV-2020','DD-MON-YYYY'),3000,497,2503);

/* CORPERATE_CLIENT Inserts */ 
INSERT INTO CORPORATE_CLIENT VALUES('CL123456A','UMBRELLA CORP');
INSERT INTO CORPORATE_CLIENT VALUES('CL123456B','WONKA INDUSTRIES');
INSERT INTO CORPORATE_CLIENT VALUES('CL123456C','STARK INDUSTRIES');

/* EMPLOYEE_INCIDENTS Inserts */ 
INSERT INTO EMPLOYEE_INCIDENTS VALUES ('IN123456A','EP123457A','SICK','GOT MY FINGERS STUCK IN A BOWLING BALL',TO_DATE('02-NOV-2020','DD-MON-YYYY'));
INSERT INTO EMPLOYEE_INCIDENTS VALUES ('IN123456B','EP123456B','VACATION REQUEST','I WANT TO GO ON MY HONEYMOON',TO_DATE('10-NOV-2020','DD-MON-YYYY'));
INSERT INTO EMPLOYEE_INCIDENTS VALUES ('IN123456C','EP123456C','DISCIPLINARY ACTION','CAME TO WORK DRUNK. LICENSE SUSPENDED UNTIL FURTHER NOTICE',TO_DATE('02-OCT-2020','DD-MON-YYYY'));
INSERT INTO CARS VALUES('CR1234A','DV123456A',2018,52041,TO_DATE('06-AUG-2020','DD-MON-YYYY'),4,'ROADWORTHY','COMPANY*');
INSERT INTO CARS VALUES('CR1234B','DV123456B',2008,112218,TO_DATE('28-AUG-2020','DD-MON-YYYY'),4,'AWAITING REPAIR','COMPANY*');
INSERT INTO CARS VALUES('CR1234C','DV123456C',2012,178627,TO_DATE('28-APR-2020','DD-MON-YYYY'),5,'ROADWORTHY','DV123456C');

/* SHIFT Inserts */ 
INSERT INTO SHIFT VALUES ('SH123456A','EP123456A',TO_DATE('05-NOV-2020','DD-MON-YYYY'),'MORNING');
INSERT INTO SHIFT VALUES ('SH123456B','EP123456B',TO_DATE('25-NOV-2020','DD-MON-YYYY'),'AFTERNOON');
INSERT INTO SHIFT VALUES ('SH123456C','EP123456C',TO_DATE('29-NOV-2020','DD-MON-YYYY'),'NIGHT');
INSERT INTO SHIFT VALUES ('SH123456D','EP123456D',TO_DATE('05-NOV-2020','DD-MON-YYYY'),'MORNING');
INSERT INTO SHIFT VALUES ('SH123456E','EP123456E',TO_DATE('13-NOV-2020','DD-MON-YYYY'),'AFTERNOON');
INSERT INTO SHIFT VALUES ('SH123456F','EP123456F',TO_DATE('08-NOV-2020','DD-MON-YYYY'),'MORNING');

/* PAYMENT Inserts */ 
INSERT INTO PAYMENT VALUES('PY123456A','BK0000002','CARD',TO_DATE('08-NOV-2020','DD-MON-YYYY'),'KAZUTO','KIRIGAYA','4432491216876558',TO_DATE('AUG-2023','MON-YYYY'),'296',40.66);
INSERT INTO PAYMENT VALUES('PY123456B','BK0000003','CARD',TO_DATE('07-MAY-2020','DD-MON-YYYY'),'KURISU','MAKISE','5127071833675349',TO_DATE('AUG-2023','MON-YYYY'),'314',140);
INSERT INTO PAYMENT VALUES('PY123456C','BK0000004','CARD',TO_DATE('15-APR-2020','DD-MON-YYYY'),'HACHIMAN','HIKIGAYA','5213211675421049',TO_DATE('AUG-2023','MON-YYYY'),'329',6);

/* RECURRENT_BOOKING Inserts */ 
INSERT INTO RECURRENT_BOOKING VALUES('BK0000002','RB0000001');
INSERT INTO RECURRENT_BOOKING VALUES('BK0000003','RB0000002');
INSERT INTO RECURRENT_BOOKING VALUES('BK0000004','RB0000003');